受信日時	送信者	送信者メールアドレス	件名	TO名称	TO	CC	返信済	転送済	重要度	本文	判定	既読
2025-10-27 18:15:42	yano	arwmlsnc0408@gmail.com	おしえてください	矢野 忍	arwmlsnc0408@hotmail.com	不明	false	false	標準	"鈴木さん

矢野です。

三菱電機の良さを鉄道会社に説明しますので、
どのような特徴があるのか、強みは何かなどの内容をご連絡願います。

以上"	○：三菱電機の特徴・強みを連絡（鉄道会社向け説明用）	true
2025-10-27 16:11:42	yano	arwmlsnc0408@gmail.com	宛先名称テスト	矢野 忍, arwmsn csub	arwmlsnc0408@hotmail.com, arwmlsnc0408sub@gmail.com	不明	false	false	標準	"鈴木さん

矢野です。
あてさきの名称は正しく表示されていますか？"	○：あてさきの名称が正しく表示されているか確認し、矢野さんに回答する	true
2025-10-27 12:42:39	yano	arwmlsnc0408@gmail.com	移行依頼書検認依頼	矢野 忍	arwmlsnc0408@hotmail.com	不明	false	false	標準	"鈴木さん

矢野です。

移行依頼書に検認をお願いします。

以上"	○：検認要	true
2025-10-27 12:11:56	yano	arwmlsnc0408@gmail.com	ご確認事項	矢野 忍	arwmlsnc0408@hotmail.com	不明	false	false	標準	"鈴木さん

矢野です。
先日、担々麺とは何かをご質問させていただきましたが、どういうものでしょうか。
ご回答お願いします。"	○：回答要（担々麺について説明）	true
