Subject_shusei	Subject	Sender	DateTime	BodyPreview	To	CC	DataType	対象	判定
test2	RE: test2	矢野 忍	2025-10-15 22:14:53	"チェックしました

-----Original Message-----
From: yano <arwmlsnc0408@gmail.com> 
Sent: Wednesday, October 15, 2025 10:11 PM
To: 矢野 忍 <arwmlsnc0408@hotmail.com>
Subject: test2

鈴木さん
チェックをお願いします。"	'yano'	""	S	""	×：対象外の差出人
testりんご	testりんご	yano	2025-10-15 22:13:25	"鈴木さん
照査をお願いします。"	矢野 忍	""	J	""	×：対象外の件名
test1	test1	yano	2025-10-15 22:09:07	"鈴木さん
検認をお願いします。"	矢野 忍	""	J	""	○：検認要
